�1;un;rapace;12;22;22;ss;dd;ff;gg;hh;hh;hh;hh;hh;;;;;;
2;Accipitriformes;Accipitridae;441604;188728;441604;Espèce;"Accipiter bicolor";"(Vieillot, 1817)";"Accipiter bicolor (Vieillot, 1817)";"Accipiter bicolor (Vieillot, 1817)";"""Épervier bicolore """;;Chordata;Aves;Animalia;;;;;
3;Accipitriformes;Accipitridae;645315;188728;645315;Espèce;"Accipiter cooperii";"(Bonaparte, 1828)";"Accipiter cooperii (Bonaparte, 1828)";"Accipiter cooperii (Bonaparte, 1828)";"Épervier de Cooper";;Chordata;Aves;Animalia;;Crochu;gris;jaune;
4;Accipitriformes;Accipitridae;698711;188728;698711;Espèce;"Accipiter efficax";"Balouet & Olson, 1989";"Accipiter efficax Balouet & Olson, 1989";"Accipiter efficax Balouet & Olson, 1989";;;Chordata;Aves;Animalia;;creux;bleu;rouge;
5;Accipitriformes;Accipitridae;441605;188728;441605;Espèce;"Accipiter fasciatus";"(Vigors & Horsfield, 1826)";"Accipiter fasciatus (Vigors & Horsfield, 1826)";"Accipiter fasciatus (Vigors & Horsfield, 1826)";;;Chordata;Aves;Animalia;;Crochu;marron;jaune;
6;Accipitriformes;Accipitridae;432708;441605;432708;Sous-espèce;"Accipiter fasciatus vigilax";"(Wetmore, 1926)";"Accipiter fasciatus vigilax (Wetmore, 1926)";"Accipiter fasciatus vigilax (Wetmore, 1926)";"Autour australien, Émouchet gris";"Brown Goshawk";Chordata;Aves;Animalia;;;;;
7;Accipitriformes;Accipitridae;459459;0;441606;Espèce;"Accipiter francesiae";"Smith, 1834";"Accipiter francesiae Smith, 1834";"Accipiter francesii A. Smith, 1834";"Épervier de Mayotte";;Chordata;Aves;Animalia;;;;;
8;Accipitriformes;Accipitridae;441606;188728;441606;Espèce;"Accipiter francesii";"A. Smith, 1834";"Accipiter francesii A. Smith, 1834";"Accipiter francesii A. Smith, 1834";"Épervier de Mayotte";;Chordata;Aves;Animalia;;;;;
9;Accipitriformes;Accipitridae;418715;441606;418715;Sous-espèce;"Accipiter francesii brutus";"(Schlegel, 1866)";"Accipiter francesii brutus (Schlegel, 1866)";"Accipiter francesii brutus (Schlegel, 1866)";"Épervier de Frances";;Chordata;Aves;Animalia;;Crochu;jaune;gris;
10;Accipitriformes;Accipitridae;2891;188728;2891;Espèce;"Accipiter gentilis";"(Linnaeus, 1758)";"Accipiter gentilis (Linnaeus, 1758)";"Accipiter gentilis (Linnaeus, 1758)";"Autour des palombes";"Northern Goshawk";Chordata;Aves;Animalia;;Courbé;gris;jaune;
11;Accipitriformes;Accipitridae;416684;0;2891;Espèce;"Astur palumbarius";"Linnaeus, 1758";"Astur palumbarius Linnaeus, 1758";"Accipiter gentilis (Linnaeus, 1758)";"Autour des palombes";"Northern Goshawk";Chordata;Aves;Animalia;;;;;
12;Accipitriformes;Accipitridae;2893;0;2891;Espèce;"Falco gentilis";"Linnaeus, 1758";"Falco gentilis Linnaeus, 1758";"Accipiter gentilis (Linnaeus, 1758)";"Autour des palombes";"Northern Goshawk";Chordata;Aves;Animalia;;;;;
13;Accipitriformes;Accipitridae;2894;2891;2894;Sous-espèce;"Accipiter gentilis arrigonii";"(Kleinschmidt, 1903)";"Accipiter gentilis arrigonii (Kleinschmidt, 1903)";"Accipiter gentilis arrigonii (Kleinschmidt, 1903)";"Autour des palombes (ssp. de Corse)";;Chordata;Aves;Animalia;;;;;
14;Accipitriformes;Accipitridae;782301;2891;782301;Sous-espèce;"Accipiter gentilis gentilis";"(Linnaeus, 1758)";"Accipiter gentilis gentilis (Linnaeus, 1758)";"Accipiter gentilis gentilis (Linnaeus, 1758)";;;Chordata;Aves;Animalia;;;;;
15;Accipitriformes;Accipitridae;432607;188728;432607;Espèce;"Accipiter haplochrous";"P. L. Sclater, 1859";"Accipiter haplochrous P. L. Sclater, 1859";"Accipiter haplochrous P. L. Sclater, 1859";"Autour à ventre blanc, Émouchet bleu, Épervier à ventre blanc, Buse blanche, Buse";;Chordata;Aves;Animalia;;;;;
16;Accipitriformes;Accipitridae;2895;188728;2895;Espèce;"Accipiter nisus";"(Linnaeus, 1758)";"Accipiter nisus (Linnaeus, 1758)";"Accipiter nisus (Linnaeus, 1758)";"Épervier d'Europe";"Eurasian Sparrowhawk";Chordata;Aves;Animalia;;;;;
17;Accipitriformes;Accipitridae;2898;0;2895;Sous-espèce;"Accipiter nisus nisus";"(Linnaeus, 1758)";"Accipiter nisus nisus (Linnaeus, 1758)";"Accipiter nisus (Linnaeus, 1758)";"Épervier d'Europe";"Eurasian Sparrowhawk";Chordata;Aves;Animalia;;;;;
18;Accipitriformes;Accipitridae;2899;0;2895;Sous-espèce;"Accipiter nisus wolterstorffi";"Kleinschmidt, 1901";"Accipiter nisus wolterstorffi Kleinschmidt, 1901";"Accipiter nisus (Linnaeus, 1758)";"Épervier d'Europe";"Eurasian Sparrowhawk";Chordata;Aves;Animalia;;;;;
19;Accipitriformes;Accipitridae;2897;0;2895;Espèce;"Falco nisus";"Linnaeus, 1758";"Falco nisus Linnaeus, 1758";"Accipiter nisus (Linnaeus, 1758)";"Épervier d'Europe";"Eurasian Sparrowhawk";Chordata;Aves;Animalia;;;;;
20;Accipitriformes;Accipitridae;441607;188728;441607;Espèce;"Accipiter poliogaster";"(Temminck, 1824)";"Accipiter poliogaster (Temminck, 1824)";"Accipiter poliogaster (Temminck, 1824)";"""Autour à ventre gris """;;Chordata;Aves;Animalia;;;;;
21;Accipitriformes;Accipitridae;698712;188728;698712;Espèce;"Accipiter quartus";"Balouet & Olson, 1989";"Accipiter quartus Balouet & Olson, 1989";"Accipiter quartus Balouet & Olson, 1989";;;Chordata;Aves;Animalia;;;;;
22;Accipitriformes;Accipitridae;441608;188728;441608;Espèce;"Accipiter striatus";"Vieillot, 1807";"Accipiter striatus Vieillot, 1807";"Accipiter striatus Vieillot, 1807";"Épervier brun";;Chordata;Aves;Animalia;;;;;
23;Accipitriformes;Accipitridae;441609;188728;441609;Espèce;"Accipiter superciliosus";"(Linnaeus, 1766)";"Accipiter superciliosus (Linnaeus, 1766)";"Accipiter superciliosus (Linnaeus, 1766)";"""Épervier nain """;;Chordata;Aves;Animalia;;;;;
24;Accipitriformes;Accipitridae;441610;188728;441610;Espèce;"Accipiter ventralis";"P. L. Sclater, 1866";"Accipiter ventralis P. L. Sclater, 1866";"Accipiter ventralis P. L. Sclater, 1866";;;Chordata;Aves;Animalia;;;;;
25;Accipitriformes;Accipitridae;2869;188842;2869;Espèce;"Aegypius monachus";"(Linnaeus, 1766)";"Aegypius monachus (Linnaeus, 1766)";"Aegypius monachus (Linnaeus, 1766)";"Vautour moine";;Chordata;Aves;Animalia;;;;;
26;Accipitriformes;Accipitridae;2871;0;2869;Espèce;"Vultur monachus";"Linnaeus, 1766";"Vultur monachus Linnaeus, 1766";"Aegypius monachus (Linnaeus, 1766)";"Vautour moine";;Chordata;Aves;Animalia;;;;;
27;Accipitriformes;Accipitridae;2634;189372;2634;Espèce;"Aquila adalberti";"C. L. Brehm, 1861";"Aquila adalberti C. L. Brehm, 1861";"Aquila adalberti C. L. Brehm, 1861";"Aigle ibérique";;Chordata;Aves;Animalia;;;;;
28;Accipitriformes;Accipitridae;2645;189372;2645;Espèce;"Aquila chrysaetos";"(Linnaeus, 1758)";"Aquila chrysaetos (Linnaeus, 1758)";"Aquila chrysaetos (Linnaeus, 1758)";"Aigle royal";"Golden Eagle";Chordata;Aves;Animalia;;;;;
29;Accipitriformes;Accipitridae;416681;0;2645;Espèce;"Aquila fulva";"Linnaeus, 1758";"Aquila fulva Linnaeus, 1758";"Aquila chrysaetos (Linnaeus, 1758)";"Aigle royal";"Golden Eagle";Chordata;Aves;Animalia;;;;;
30;Accipitriformes;Accipitridae;2647;0;2645;Espèce;"Falco chrysaetos";"Linnaeus, 1758";"Falco chrysaetos Linnaeus, 1758";"Aquila chrysaetos (Linnaeus, 1758)";"Aigle royal";"Golden Eagle";Chordata;Aves;Animalia;;;;;
31;Accipitriformes;Accipitridae;2657;189372;2657;Espèce;"Aquila fasciata";"Vieillot, 1822";"Aquila fasciata Vieillot, 1822";"Aquila fasciata Vieillot, 1822";"Aigle de Bonelli";;Chordata;Aves;Animalia;;Crochu;marron;jaune;
32;Accipitriformes;Accipitridae;2655;0;2657;Espèce;"Hieraaetus fasciatus";"(Vieillot, 1822)";"Hieraaetus fasciatus (Vieillot, 1822)";"Aquila fasciata Vieillot, 1822";"Aigle de Bonelli";;Chordata;Aves;Animalia;;;;;
33;Accipitriformes;Accipitridae;2643;189372;2643;Espèce;"Aquila heliaca";"Savigny, 1809";"Aquila heliaca Savigny, 1809";"Aquila heliaca Savigny, 1809";"Aigle impérial";;Chordata;Aves;Animalia;;;;;
34;Accipitriformes;Accipitridae;2648;189372;2648;Espèce;"Aquila nipalensis";"Hodgson, 1833";"Aquila nipalensis Hodgson, 1833";"Aquila nipalensis Hodgson, 1833";"Aigle des steppes";;Chordata;Aves;Animalia;;;;;
35;Accipitriformes;Accipitridae;441695;440296;441695;Espèce;"Busarellus nigricollis";"(Latham, 1790)";"Busarellus nigricollis (Latham, 1790)";"Busarellus nigricollis (Latham, 1790)";"""Buse à tête blanche """;;Chordata;Aves;Animalia;;;;;
36;Accipitriformes;Accipitridae;441702;440297;441702;Espèce;"Buteogallus aequinoctialis";"(Gmelin, 1788)";"Buteogallus aequinoctialis (Gmelin, 1788)";"Buteogallus aequinoctialis (Gmelin, 1788)";"""Buse buson """;;Chordata;Aves;Animalia;;;;;
37;Accipitriformes;Accipitridae;441703;440297;441703;Espèce;"Buteogallus anthracinus";"Deppe, 1830";"Buteogallus anthracinus Deppe, 1830";"Buteogallus anthracinus Deppe, 1830";;;Chordata;Aves;Animalia;;;;;
38;Accipitriformes;Accipitridae;441704;440297;441704;Espèce;"Buteogallus meridionalis";"(Latham, 1790)";"Buteogallus meridionalis (Latham, 1790)";"Buteogallus meridionalis (Latham, 1790)";"""Buse roussâtre """;;Chordata;Aves;Animalia;;;;;
39;Accipitriformes;Accipitridae;782573;0;720201;Espèce;"Asturina schistacea";"Sundevall, 1850";"Asturina schistacea Sundevall, 1850";"Buteogallus schistaceus (Sundevall, 1850)";"Buse ardoisée";"Slate-coloured Hawk";Chordata;Aves;Animalia;;;;;
40;Accipitriformes;Accipitridae;720201;440297;720201;Espèce;"Buteogallus schistaceus";"(Sundevall, 1850)";"Buteogallus schistaceus (Sundevall, 1850)";"Buteogallus schistaceus (Sundevall, 1850)";"Buse ardoisée";"Slate-coloured Hawk";Chordata;Aves;Animalia;;;;;
41;Accipitriformes;Accipitridae;442036;0;720201;Espèce;"Leucopternis schistacea";"(Sundevall, 1850)";"Leucopternis schistacea (Sundevall, 1850)";"Buteogallus schistaceus (Sundevall, 1850)";"Buse ardoisée";"Slate-coloured Hawk";Chordata;Aves;Animalia;;;;;
42;Accipitriformes;Accipitridae;459495;0;720201;Espèce;"Leucopternis schistaceus";"(Sundevall, 1850)";"Leucopternis schistaceus (Sundevall, 1850)";"Buteogallus schistaceus (Sundevall, 1850)";"Buse ardoisée";"Slate-coloured Hawk";Chordata;Aves;Animalia;;;;;
43;Accipitriformes;Accipitridae;441705;440297;441705;Espèce;"Buteogallus urubitinga";"(Gmelin, 1788)";"Buteogallus urubitinga (Gmelin, 1788)";"Buteogallus urubitinga (Gmelin, 1788)";"""Buse urubu """;;Chordata;Aves;Animalia;;;;;
44;Accipitriformes;Accipitridae;441697;190128;441697;Espèce;"Buteo albonotatus";"Kaup, 1847";"Buteo albonotatus Kaup, 1847";"Buteo albonotatus Kaup, 1847";"""Buse à queue barrée """;;Chordata;Aves;Animalia;;;;;
45;Accipitriformes;Accipitridae;441698;190128;441698;Espèce;"Buteo brachyurus";"Vieillot, 1816";"Buteo brachyurus Vieillot, 1816";"Buteo brachyurus Vieillot, 1816";"""Buse à queue courte """;;Chordata;Aves;Animalia;;;;;
46;Accipitriformes;Accipitridae;2623;190128;2623;Espèce;"Buteo buteo";"(Linnaeus, 1758)";"Buteo buteo (Linnaeus, 1758)";"Buteo buteo (Linnaeus, 1758)";"Buse variable";"Common Buzzard";Chordata;Aves;Animalia;;;;;
47;Accipitriformes;Accipitridae;2625;0;2623;Espèce;"Falco buteo";"Linnaeus, 1758";"Falco buteo Linnaeus, 1758";"Buteo buteo (Linnaeus, 1758)";"Buse variable";"Common Buzzard";Chordata;Aves;Animalia;;;;;
48;Accipitriformes;Accipitridae;458792;0;2623;Espèce;"Falco vulgaris";;"""Falco vulgaris """;"Buteo buteo (Linnaeus, 1758)";"Buse variable";"Common Buzzard";Chordata;Aves;Animalia;;;;;
49;Accipitriformes;Accipitridae;779863;2623;779863;Sous-espèce;"Buteo buteo vulpinus";"Gloger, 1833";"Buteo buteo vulpinus Gloger, 1833";"Buteo buteo vulpinus Gloger, 1833";;;Chordata;Aves;Animalia;;;;;
50;Accipitriformes;Accipitridae;441699;190128;441699;Espèce;"Buteo jamaicensis";"(Gmelin, 1788)";"Buteo jamaicensis (Gmelin, 1788)";"Buteo jamaicensis (Gmelin, 1788)";"Buse à queue rousse";"Red-tailed Hawk";Chordata;Aves;Animalia;;;;;
51;Accipitriformes;Accipitridae;813847;0;441699;Espèce;"Falco jamaicensis";"Gmelin, 1788";"Falco jamaicensis Gmelin, 1788";"Buteo jamaicensis (Gmelin, 1788)";"Buse à queue rousse";"Red-tailed Hawk";Chordata;Aves;Animalia;;;;;
52;Accipitriformes;Accipitridae;2630;190128;2630;Espèce;"Buteo lagopus";"(Pontoppidan, 1763)";"Buteo lagopus (Pontoppidan, 1763)";"Buteo lagopus (Pontoppidan, 1763)";"Buse pattue";"Rough-legged Buzzard";Chordata;Aves;Animalia;;;;;
53;Accipitriformes;Accipitridae;2632;0;2630;Espèce;"Falco lagopus";"Pontoppidan, 1763";"Falco lagopus Pontoppidan, 1763";"Buteo lagopus (Pontoppidan, 1763)";"Buse pattue";"Rough-legged Buzzard";Chordata;Aves;Animalia;;;;;
54;Accipitriformes;Accipitridae;441671;0;626245;Espèce;"Asturina nitida";"(Latham, 1790)";"Asturina nitida (Latham, 1790)";"Buteo nitidus (Latham, 1790)";"Buse cendrée";"Grey-lined Hawk, Gray-lined Hawk";Chordata;Aves;Animalia;;;;;
55;Accipitriformes;Accipitridae;626245;190128;626245;Espèce;"Buteo nitidus";"(Latham, 1790)";"Buteo nitidus (Latham, 1790)";"Buteo nitidus (Latham, 1790)";"Buse cendrée";"Grey-lined Hawk, Gray-lined Hawk";Chordata;Aves;Animalia;;;;;
56;Accipitriformes;Accipitridae;782522;0;626245;Espèce;"Falco nitidus";"Latham, 1790";"Falco nitidus Latham, 1790";"Buteo nitidus (Latham, 1790)";"Buse cendrée";"Grey-lined Hawk, Gray-lined Hawk";Chordata;Aves;Animalia;;;;;
57;Accipitriformes;Accipitridae;441701;190128;441701;Espèce;"Buteo platypterus";"(Vieillot, 1823)";"Buteo platypterus (Vieillot, 1823)";"Buteo platypterus (Vieillot, 1823)";"""Petite Buse """;"Broad-winged Hawk";Chordata;Aves;Animalia;;;;;
58;Accipitriformes;Accipitridae;416687;0;2627;Espèce;"Buteo ferox";"Gmelin, 1771";"Buteo ferox Gmelin, 1771";"Buteo rufinus (Cretzschmar, 1827)";"Buse féroce";;Chordata;Aves;Animalia;;;;;
59;Accipitriformes;Accipitridae;2627;190128;2627;Espèce;"Buteo rufinus";"(Cretzschmar, 1827)";"Buteo rufinus (Cretzschmar, 1827)";"Buteo rufinus (Cretzschmar, 1827)";"Buse féroce";;Chordata;Aves;Animalia;;;;;
60;Accipitriformes;Accipitridae;2629;0;2627;Espèce;"Falco rufinus";"Cretzschmar, 1827";"Falco rufinus Cretzschmar, 1827";"Buteo rufinus (Cretzschmar, 1827)";"Buse féroce";;Chordata;Aves;Animalia;;;;;
61;Accipitriformes;Accipitridae;779895;2627;779895;Sous-espèce;"Buteo rufinus cirtensis";"(Levaillant, 1850)";"Buteo rufinus cirtensis (Levaillant, 1850)";"Buteo rufinus cirtensis (Levaillant, 1850)";;;Chordata;Aves;Animalia;;;;;
62;Accipitriformes;Accipitridae;441766;440323;441766;Espèce;"Chondrohierax uncinatus";"(Temminck, 1822)";"Chondrohierax uncinatus (Temminck, 1822)";"Chondrohierax uncinatus (Temminck, 1822)";"Milan bec-en-croc, Bec-en-croc de Temminck";;Chordata;Aves;Animalia;;;;;
63;Accipitriformes;Accipitridae;2876;0;2873;Espèce;"Circaetus ferox";;"""Circaetus ferox """;"Circaetus gallicus (Gmelin, 1788)";"Circaète Jean-le-Blanc";"Short-toed Eagle";Chordata;Aves;Animalia;;;;;
64;Accipitriformes;Accipitridae;2873;190850;2873;Espèce;"Circaetus gallicus";"(Gmelin, 1788)";"Circaetus gallicus (Gmelin, 1788)";"Circaetus gallicus (Gmelin, 1788)";"Circaète Jean-le-Blanc";"Short-toed Eagle";Chordata;Aves;Animalia;;;;;
65;Accipitriformes;Accipitridae;2875;0;2873;Espèce;"Falco gallicus";"Gmelin, 1788";"Falco gallicus Gmelin, 1788";"Circaetus gallicus (Gmelin, 1788)";"Circaète Jean-le-Blanc";"Short-toed Eagle";Chordata;Aves;Animalia;;;;;
66;Accipitriformes;Accipitridae;2878;190851;2878;Espèce;"Circus aeruginosus";"(Linnaeus, 1758)";"Circus aeruginosus (Linnaeus, 1758)";"Circus aeruginosus (Linnaeus, 1758)";"Busard des roseaux";"Eurasian Marsh Harrier";Chordata;Aves;Animalia;;;;;
67;Accipitriformes;Accipitridae;2880;0;2878;Espèce;"Falco aeruginosus";"Linnaeus, 1758";"Falco aeruginosus Linnaeus, 1758";"Circus aeruginosus (Linnaeus, 1758)";"Busard des roseaux";"Eurasian Marsh Harrier";Chordata;Aves;Animalia;;;;;
68;Accipitriformes;Accipitridae;532382;0;432707;Sous-espèce;"Circus approximans approximans";;"""Circus approximans approximans """;"Circus approximans Peale, 1848";"Busard de Gould";"Swamp Harrier";Chordata;Aves;Animalia;;;;;
69;Accipitriformes;Accipitridae;432707;190851;432707;Espèce;"Circus approximans";"Peale, 1848";"Circus approximans Peale, 1848";"Circus approximans Peale, 1848";"Busard de Gould";"Swamp Harrier";Chordata;Aves;Animalia;;;;;
70;Accipitriformes;Accipitridae;441775;190851;441775;Espèce;"Circus buffoni";"(Gmelin, 1788)";"Circus buffoni (Gmelin, 1788)";"Circus buffoni (Gmelin, 1788)";"""Busard de Buffon """;;Chordata;Aves;Animalia;;;;;
71;Accipitriformes;Accipitridae;2881;190851;2881;Espèce;"Circus cyaneus";"(Linnaeus, 1758)";"Circus cyaneus (Linnaeus, 1758)";"Circus cyaneus (Linnaeus, 1758)";"Busard Saint-Martin";"Hen Harrier";Chordata;Aves;Animalia;;;;;
72;Accipitriformes;Accipitridae;2883;0;2881;Espèce;"Falco cyaneus";"Linnaeus, 1766";"Falco cyaneus Linnaeus, 1766";"Circus cyaneus (Linnaeus, 1758)";"Busard Saint-Martin";"Hen Harrier";Chordata;Aves;Animalia;;;;;
73;Accipitriformes;Accipitridae;836343;190851;836343;Espèce;"Circus hudsonius";"(Linnaeus, 1766)";"Circus hudsonius (Linnaeus, 1766)";"Circus hudsonius (Linnaeus, 1766)";;;Chordata;Aves;Animalia;;;;;
74;Accipitriformes;Accipitridae;418714;190851;418714;Espèce;"Circus macrosceles";"Newton, 1863";"Circus macrosceles Newton, 1863";"Circus macrosceles Newton, 1863";"Busard de Madagascar";;Chordata;Aves;Animalia;;;;;
75;Accipitriformes;Accipitridae;2886;0;2884;Espèce;"Accipiter macrourus";"Gmelin, 1771";"Accipiter macrourus Gmelin, 1771";"Circus macrourus (S. G. Gmelin, 1771)";"Busard pâle";"Pallid Harrier";Chordata;Aves;Animalia;;;;;
76;Accipitriformes;Accipitridae;2884;190851;2884;Espèce;"Circus macrourus";"(S. G. Gmelin, 1771)";"Circus macrourus (S. G. Gmelin, 1771)";"Circus macrourus (S. G. Gmelin, 1771)";"Busard pâle";"Pallid Harrier";Chordata;Aves;Animalia;;;;;
77;Accipitriformes;Accipitridae;432596;190851;432596;Espèce;"Circus maillardi";"J. Verreaux, 1862";"Circus maillardi J. Verreaux, 1862";"Circus maillardi J. Verreaux, 1862";"Busard de Maillard";;Chordata;Aves;Animalia;;;;;
78;Accipitriformes;Accipitridae;2887;190851;2887;Espèce;"Circus pygargus";"(Linnaeus, 1758)";"Circus pygargus (Linnaeus, 1758)";"Circus pygargus (Linnaeus, 1758)";"Busard cendré";"Montagu's Harrier";Chordata;Aves;Animalia;;;;;
79;Accipitriformes;Accipitridae;2889;0;2887;Espèce;"Falco pygargus";"Linnaeus, 1758";"Falco pygargus Linnaeus, 1758";"Circus pygargus (Linnaeus, 1758)";"Busard cendré";"Montagu's Harrier";Chordata;Aves;Animalia;;;;;
80;Accipitriformes;Accipitridae;2641;0;836346;Espèce;"Aquila clanga";"Pallas, 1811";"Aquila clanga Pallas, 1811";"Clanga clanga (Pallas, 1811)";"Aigle criard";"Greater Spotted Eagle";Chordata;Aves;Animalia;;;;;
81;Accipitriformes;Accipitridae;836346;836344;836346;Espèce;"Clanga clanga";"(Pallas, 1811)";"Clanga clanga (Pallas, 1811)";"Clanga clanga (Pallas, 1811)";"Aigle criard";"Greater Spotted Eagle";Chordata;Aves;Animalia;;Crochu;marron;jaune;
82;Accipitriformes;Accipitridae;2636;0;836345;Espèce;"Aquila pomarina";"C. L. Brehm, 1831";"Aquila pomarina C. L. Brehm, 1831";"Clanga pomarina (C. L. Brehm, 1831)";"Aigle pomarin";;Chordata;Aves;Animalia;;;;;
83;Accipitriformes;Accipitridae;836345;836344;836345;Espèce;"Clanga pomarina";"(C. L. Brehm, 1831)";"Clanga pomarina (C. L. Brehm, 1831)";"Clanga pomarina (C. L. Brehm, 1831)";"Aigle pomarin";;Chordata;Aves;Animalia;;;;;
84;Accipitriformes;Accipitridae;441888;440375;441888;Espèce;"Elanoides forficatus";"(Linnaeus, 1758)";"Elanoides forficatus (Linnaeus, 1758)";"Elanoides forficatus (Linnaeus, 1758)";"Milan à queue fourchue, Naucler à queue fourchue";"Swallow-tailed Kite";Chordata;Aves;Animalia;;;;;
85;Accipitriformes;Accipitridae;828914;0;441888;Espèce;"Falco forficatus";"Linnaeus, 1758";"Falco forficatus Linnaeus, 1758";"Elanoides forficatus (Linnaeus, 1758)";"Milan à queue fourchue, Naucler à queue fourchue";"Swallow-tailed Kite";Chordata;Aves;Animalia;;;;;
86;Accipitriformes;Accipitridae;828916;441888;828916;Sous-espèce;"Elanoides forficatus yetapa";"(Vieillot, 1818)";"Elanoides forficatus yetapa (Vieillot, 1818)";"Elanoides forficatus yetapa (Vieillot, 1818)";;;Chordata;Aves;Animalia;;;;;
87;Accipitriformes;Accipitridae;828920;0;828916;Espèce;"Milvus yetapa";"Vieillot, 1818";"Milvus yetapa Vieillot, 1818";"Elanoides forficatus yetapa (Vieillot, 1818)";;;Chordata;Aves;Animalia;;;;;
88;Accipitriformes;Accipitridae;2836;192082;2836;Espèce;"Elanus caeruleus";"(Desfontaines, 1789)";"Elanus caeruleus (Desfontaines, 1789)";"Elanus caeruleus (Desfontaines, 1789)";"Élanion blanc";;Chordata;Aves;Animalia;;;;;
89;Accipitriformes;Accipitridae;2838;0;2836;Espèce;"Falco caeruleus";"Desfontaines, 1789";"Falco caeruleus Desfontaines, 1789";"Elanus caeruleus (Desfontaines, 1789)";"Élanion blanc";;Chordata;Aves;Animalia;;;;;
90;Accipitriformes;Accipitridae;441889;192082;441889;Espèce;"Elanus leucurus";"Vieillot, 1818";"Elanus leucurus Vieillot, 1818";"Elanus leucurus Vieillot, 1818";"""Élanion à queue blanche """;;Chordata;Aves;Animalia;;;;;
91;Accipitriformes;Accipitridae;441944;440400;441944;Espèce;"Gampsonyx swainsonii";"Vigors, 1825";"Gampsonyx swainsonii Vigors, 1825";"Gampsonyx swainsonii Vigors, 1825";"""Élanion perle """;;Chordata;Aves;Animalia;;;;;
92;Accipitriformes;Accipitridae;441696;0;720247;Espèce;"Buteo albicaudatus";"Vieillot, 1816";"Buteo albicaudatus Vieillot, 1816";"Geranoaetus albicaudatus (Vieillot, 1816)";"Buse à queue blanche";"White-tailed Hawk";Chordata;Aves;Animalia;;;;;
93;Accipitriformes;Accipitridae;720247;720246;720247;Espèce;"Geranoaetus albicaudatus";"(Vieillot, 1816)";"Geranoaetus albicaudatus (Vieillot, 1816)";"Geranoaetus albicaudatus (Vieillot, 1816)";"Buse à queue blanche";"White-tailed Hawk";Chordata;Aves;Animalia;;;;;
94;Accipitriformes;Accipitridae;828824;720247;828824;Sous-espèce;"Geranoaetus albicaudatus colonus";"Berlepsch, 1892";"Geranoaetus albicaudatus colonus Berlepsch, 1892";"Geranoaetus albicaudatus colonus Berlepsch, 1892";;;Chordata;Aves;Animalia;;;;;
95;Accipitriformes;Accipitridae;441950;440404;441950;Espèce;"Geranospiza caerulescens";"(Vieillot, 1817)";"Geranospiza caerulescens (Vieillot, 1817)";"Geranospiza caerulescens (Vieillot, 1817)";"""Buse échasse """;;Chordata;Aves;Animalia;;;;;
96;Accipitriformes;Accipitridae;2852;192992;2852;Espèce;"Gypaetus barbatus";"(Linnaeus, 1758)";"Gypaetus barbatus (Linnaeus, 1758)";"Gypaetus barbatus (Linnaeus, 1758)";"Gypaète barbu";;Chordata;Aves;Animalia;;;;;
97;Accipitriformes;Accipitridae;2854;0;2852;Espèce;"Vultur barbatus";"Linnaeus, 1758";"Vultur barbatus Linnaeus, 1758";"Gypaetus barbatus (Linnaeus, 1758)";"Gypaète barbu";;Chordata;Aves;Animalia;;;;;
98;Accipitriformes;Accipitridae;2860;192993;2860;Espèce;"Gyps fulvus";"(Hablizl, 1783)";"Gyps fulvus (Hablizl, 1783)";"Gyps fulvus (Hablizl, 1783)";"Vautour fauve";"Eurasian Griffon Vulture";Chordata;Aves;Animalia;;;;;
99;Accipitriformes;Accipitridae;2862;0;2860;Espèce;"Vultur fulvus";"Hablizl, 1783";"Vultur fulvus Hablizl, 1783";"Gyps fulvus (Hablizl, 1783)";"Vautour fauve";"Eurasian Griffon Vulture";Chordata;Aves;Animalia;;;;;
100;Accipitriformes;Accipitridae;416705;192993;416705;Espèce;"Gyps melitensis";;"""Gyps melitensis """;"""Gyps melitensis """;;;Chordata;Aves;Animalia;;;;;
101;Accipitriformes;Accipitridae;2850;0;2848;Espèce;"Falco albicilla";"Linnaeus, 1758";"Falco albicilla Linnaeus, 1758";"Haliaeetus albicilla (Linnaeus, 1758)";"Pygargue à queue blanche";"White-tailed Eagle";Chordata;Aves;Animalia;;;;;
102;Accipitriformes;Accipitridae;2848;193035;2848;Espèce;"Haliaeetus albicilla";"(Linnaeus, 1758)";"Haliaeetus albicilla (Linnaeus, 1758)";"Haliaeetus albicilla (Linnaeus, 1758)";"Pygargue à queue blanche";"White-tailed Eagle";Chordata;Aves;Animalia;;;;;
103;Accipitriformes;Accipitridae;441967;193035;441967;Espèce;"Haliaeetus leucocephalus";"(Linnaeus, 1766)";"Haliaeetus leucocephalus (Linnaeus, 1766)";"Haliaeetus leucocephalus (Linnaeus, 1766)";"Pygargue à tête blanche";;Chordata;Aves;Animalia;;;;;
104;Accipitriformes;Accipitridae;432706;193035;432706;Espèce;"Haliaeetus leucogaster";"(Gmelin, 1788)";"Haliaeetus leucogaster (Gmelin, 1788)";"Haliaeetus leucogaster (Gmelin, 1788)";"Aigle pêcheur à poitrine blanche";;Chordata;Aves;Animalia;;;;;
105;Accipitriformes;Accipitridae;441968;440416;441968;Espèce;"Haliastur sphenurus";"(Vieillot, 1818)";"Haliastur sphenurus (Vieillot, 1818)";"Haliastur sphenurus (Vieillot, 1818)";"Milan siffleur, Aigle siffleur";"Whistling Eagle-Kite";Chordata;Aves;Animalia;;;;;
106;Accipitriformes;Accipitridae;441970;440418;441970;Espèce;"Harpagus bidentatus";"(Latham, 1790)";"Harpagus bidentatus (Latham, 1790)";"Harpagus bidentatus (Latham, 1790)";"Harpage bidenté, Milan bidenté";;Chordata;Aves;Animalia;;;;;
107;Accipitriformes;Accipitridae;441971;440418;441971;Espèce;"Harpagus diodon";"(Temminck, 1823)";"Harpagus diodon (Temminck, 1823)";"Harpagus diodon (Temminck, 1823)";;;Chordata;Aves;Animalia;;;;;
108;Accipitriformes;Accipitridae;441972;440419;441972;Espèce;"Harpia harpyja";"(Linnaeus, 1758)";"Harpia harpyja (Linnaeus, 1758)";"Harpia harpyja (Linnaeus, 1758)";"Harpie féroce";;Chordata;Aves;Animalia;;;;;
109;Accipitriformes;Accipitridae;441973;440420;441973;Espèce;"Harpyhaliaetus solitarius";"(Tschudi, 1844)";"Harpyhaliaetus solitarius (Tschudi, 1844)";"Harpyhaliaetus solitarius (Tschudi, 1844)";;;Chordata;Aves;Animalia;;;;;
110;Accipitriformes;Accipitridae;782561;0;459487;Espèce;"Falco hamatus";"Temminck, 1821";"Falco hamatus Temminck, 1821";"Helicolestes hamatus (Temminck, 1821)";"Milan à long bec";"Slender-billed Kite";Chordata;Aves;Animalia;;;;;
111;Accipitriformes;Accipitridae;459487;782560;459487;Espèce;"Helicolestes hamatus";"(Temminck, 1821)";"Helicolestes hamatus (Temminck, 1821)";"Helicolestes hamatus (Temminck, 1821)";"Milan à long bec";"Slender-billed Kite";Chordata;Aves;Animalia;;;;;
112;Accipitriformes;Accipitridae;442327;0;459487;Espèce;"Rostrhamus hamatus";"(Temminck, 1821)";"Rostrhamus hamatus (Temminck, 1821)";"Helicolestes hamatus (Temminck, 1821)";"Milan à long bec";"Slender-billed Kite";Chordata;Aves;Animalia;;;;;
113;Accipitriformes;Accipitridae;2654;0;2651;Espèce;"Aquila pennata";"(Gmelin, 1788)";"Aquila pennata (Gmelin, 1788)";"Hieraaetus pennatus (Gmelin, 1788)";"Aigle botté";;Chordata;Aves;Animalia;;;;;
114;Accipitriformes;Accipitridae;2653;0;2651;Espèce;"Falco pennatus";"Gmelin, 1788";"Falco pennatus Gmelin, 1788";"Hieraaetus pennatus (Gmelin, 1788)";"Aigle botté";;Chordata;Aves;Animalia;;;;;
115;Accipitriformes;Accipitridae;2651;193275;2651;Espèce;"Hieraaetus pennatus";"(Gmelin, 1788)";"Hieraaetus pennatus (Gmelin, 1788)";"Hieraaetus pennatus (Gmelin, 1788)";"Aigle botté";;Chordata;Aves;Animalia;;Crochu;gris;jaune;
116;Accipitriformes;Accipitridae;442010;440440;442010;Espèce;"Ictinia plumbea";"(Gmelin, 1788)";"Ictinia plumbea (Gmelin, 1788)";"Ictinia plumbea (Gmelin, 1788)";"""Milan bleuâtre """;;Chordata;Aves;Animalia;;;;;
117;Accipitriformes;Accipitridae;442030;440455;442030;Espèce;"Leptodon cayanensis";"(Latham, 1790)";"Leptodon cayanensis (Latham, 1790)";"Leptodon cayanensis (Latham, 1790)";"Milan de Cayenne, Bec-en-croc de Cayenne";;Chordata;Aves;Animalia;;;;;
118;Accipitriformes;Accipitridae;442035;440458;442035;Espèce;"Leucopternis melanops";"(Latham, 1790)";"Leucopternis melanops (Latham, 1790)";"Leucopternis melanops (Latham, 1790)";"""Buse à face noire """;;Chordata;Aves;Animalia;;;;;
119;Accipitriformes;Accipitridae;2842;0;2840;Espèce;"Falco migrans";"Boddaert, 1783";"Falco migrans Boddaert, 1783";"Milvus migrans (Boddaert, 1783)";"Milan noir";"Black Kite";Chordata;Aves;Animalia;;;;;
120;Accipitriformes;Accipitridae;2843;0;2840;Espèce;"Milvus korschun";;"""Milvus korschun """;"Milvus migrans (Boddaert, 1783)";"Milan noir";"Black Kite";Chordata;Aves;Animalia;;;;;
121;Accipitriformes;Accipitridae;2840;194785;2840;Espèce;"Milvus migrans";"(Boddaert, 1783)";"Milvus migrans (Boddaert, 1783)";"Milvus migrans (Boddaert, 1783)";"Milan noir";"Black Kite";Chordata;Aves;Animalia;;Crochu;marron;jaune;
122;Accipitriformes;Accipitridae;418713;2840;418713;Sous-espèce;"Milvus migrans parasitus";"Grant & Mackworth-Praed, 1933";"Milvus migrans parasitus Grant & Mackworth-Praed, 1933";"Milvus migrans parasitus Grant & Mackworth-Praed, 1933";"Milan noir (à bec jaune)";;Chordata;Aves;Animalia;;;;;
123;Accipitriformes;Accipitridae;2846;0;2844;Espèce;"Falco milvus";"Linnaeus, 1758";"Falco milvus Linnaeus, 1758";"Milvus milvus (Linnaeus, 1758)";"Milan royal";"Red Kite";Chordata;Aves;Animalia;;;;;
124;Accipitriformes;Accipitridae;2844;194785;2844;Espèce;"Milvus milvus";"(Linnaeus, 1758)";"Milvus milvus (Linnaeus, 1758)";"Milvus milvus (Linnaeus, 1758)";"Milan royal";"Red Kite";Chordata;Aves;Animalia;;;;;
125;Accipitriformes;Accipitridae;442085;440487;442085;Espèce;"Morphnus guianensis";"(Daudin, 1800)";"Morphnus guianensis (Daudin, 1800)";"Morphnus guianensis (Daudin, 1800)";"""Harpie huppée """;;Chordata;Aves;Animalia;;;;;
126;Accipitriformes;Accipitridae;2856;195156;2856;Espèce;"Neophron percnopterus";"(Linnaeus, 1758)";"Neophron percnopterus (Linnaeus, 1758)";"Neophron percnopterus (Linnaeus, 1758)";"Vautour percnoptère";"Egyptian Vulture";Chordata;Aves;Animalia;;;;;
127;Accipitriformes;Accipitridae;2858;0;2856;Espèce;"Vultur perenopterus";"Linnaeus, 1758";"Vultur perenopterus Linnaeus, 1758";"Neophron percnopterus (Linnaeus, 1758)";"Vautour percnoptère";"Egyptian Vulture";Chordata;Aves;Animalia;;;;;
128;Accipitriformes;Accipitridae;2834;0;2832;Espèce;"Falco apivorus";"Linnaeus, 1758";"Falco apivorus Linnaeus, 1758";"Pernis apivorus (Linnaeus, 1758)";"Bondrée apivore";"European Honey-buzzard";Chordata;Aves;Animalia;;;;;
129;Accipitriformes;Accipitridae;2832;195987;2832;Espèce;"Pernis apivorus";"(Linnaeus, 1758)";"Pernis apivorus (Linnaeus, 1758)";"Pernis apivorus (Linnaeus, 1758)";"Bondrée apivore";"European Honey-buzzard";Chordata;Aves;Animalia;;;;;
130;Accipitriformes;Accipitridae;782643;0;720289;Espèce;"Falco albicollis";"Latham, 1790";"Falco albicollis Latham, 1790";"Pseudastur albicollis (Latham, 1790)";"Buse blanche";"White Hawk";Chordata;Aves;Animalia;;;;;
131;Accipitriformes;Accipitridae;442034;0;720289;Espèce;"Leucopternis albicollis";"(Latham, 1790)";"Leucopternis albicollis (Latham, 1790)";"Pseudastur albicollis (Latham, 1790)";"Buse blanche";"White Hawk";Chordata;Aves;Animalia;;;;;
132;Accipitriformes;Accipitridae;720289;720288;720289;Espèce;"Pseudastur albicollis";"(Latham, 1790)";"Pseudastur albicollis (Latham, 1790)";"Pseudastur albicollis (Latham, 1790)";"Buse blanche";"White Hawk";Chordata;Aves;Animalia;;;;;
133;Accipitriformes;Accipitridae;442328;440599;442328;Espèce;"Rostrhamus sociabilis";"(Vieillot, 1817)";"Rostrhamus sociabilis (Vieillot, 1817)";"Rostrhamus sociabilis (Vieillot, 1817)";"""Milan des marais """;;Chordata;Aves;Animalia;;;;;
134;Accipitriformes;Accipitridae;441700;0;720294;Espèce;"Buteo magnirostris";"(Gmelin, 1788)";"Buteo magnirostris (Gmelin, 1788)";"Rupornis magnirostris (Gmelin, 1788)";"Buse à gros bec";"Roadside Hawk";Chordata;Aves;Animalia;;;;;
135;Accipitriformes;Accipitridae;782644;0;720294;Espèce;"Falco magnirostris";"Gmelin, 1788";"Falco magnirostris Gmelin, 1788";"Rupornis magnirostris (Gmelin, 1788)";"Buse à gros bec";"Roadside Hawk";Chordata;Aves;Animalia;;;;;
136;Accipitriformes;Accipitridae;720294;720293;720294;Espèce;"Rupornis magnirostris";"(Gmelin, 1788)";"Rupornis magnirostris (Gmelin, 1788)";"Rupornis magnirostris (Gmelin, 1788)";"Buse à gros bec";"Roadside Hawk";Chordata;Aves;Animalia;;;;;
137;Accipitriformes;Accipitridae;782629;0;459528;Espèce;"Buteo melanoleucus";"Vieillot, 1816";"Buteo melanoleucus Vieillot, 1816";"Spizaetus melanoleucus (Vieillot, 1816)";"Aigle noir et blanc";"Black-and-White Hawk-Eagle";Chordata;Aves;Animalia;;;;;
138;Accipitriformes;Accipitridae;459528;440617;459528;Espèce;"Spizaetus melanoleucus";"(Vieillot, 1816)";"Spizaetus melanoleucus (Vieillot, 1816)";"Spizaetus melanoleucus (Vieillot, 1816)";"Aigle noir et blanc";"Black-and-White Hawk-Eagle";Chordata;Aves;Animalia;;;;;
139;Accipitriformes;Accipitridae;442363;0;459528;Espèce;"Spizastur melanoleucus";"(Vieillot, 1816)";"Spizastur melanoleucus (Vieillot, 1816)";"Spizaetus melanoleucus (Vieillot, 1816)";"Aigle noir et blanc";"Black-and-White Hawk-Eagle";Chordata;Aves;Animalia;;;;;
140;Accipitriformes;Accipitridae;442361;440617;442361;Espèce;"Spizaetus ornatus";"(Daudin, 1800)";"Spizaetus ornatus (Daudin, 1800)";"Spizaetus ornatus (Daudin, 1800)";"""Aigle orné """;;Chordata;Aves;Animalia;;;;;
141;Accipitriformes;Accipitridae;828921;0;442362;Espèce;"Falco tyrannus";"Wied-Neuwied, 1820";"Falco tyrannus Wied-Neuwied, 1820";"Spizaetus tyrannus (Wied-Neuwied, 1820)";"""Aigle tyran """;;Chordata;Aves;Animalia;;;;;
142;Accipitriformes;Accipitridae;442362;440617;442362;Espèce;"Spizaetus tyrannus";"(Wied-Neuwied, 1820)";"Spizaetus tyrannus (Wied-Neuwied, 1820)";"Spizaetus tyrannus (Wied-Neuwied, 1820)";"""Aigle tyran """;;Chordata;Aves;Animalia;;;;;
143;Accipitriformes;Accipitridae;828922;442362;828922;Sous-espèce;"Spizaetus tyrannus serus";"Friedmann, 1950";"Spizaetus tyrannus serus Friedmann, 1950";"Spizaetus tyrannus serus Friedmann, 1950";;;Chordata;Aves;Animalia;;;;;
144;Accipitriformes;Accipitridae;2867;0;2864;Espèce;"Aegypius tracheliotus";"(J. R. Forster, 1791)";"Aegypius tracheliotus (J. R. Forster, 1791)";"Torgos tracheliotus (J. R. Forster, 1791)";"Vautour oricou";;Chordata;Aves;Animalia;;;;;
145;Accipitriformes;Accipitridae;459634;0;2864;Espèce;"Torgos tracheliotos";"(Forster, 1791)";"Torgos tracheliotos (Forster, 1791)";"Torgos tracheliotus (J. R. Forster, 1791)";"Vautour oricou";;Chordata;Aves;Animalia;;;;;
146;Accipitriformes;Accipitridae;2864;198508;2864;Espèce;"Torgos tracheliotus";"(J. R. Forster, 1791)";"Torgos tracheliotus (J. R. Forster, 1791)";"Torgos tracheliotus (J. R. Forster, 1791)";"Vautour oricou";;Chordata;Aves;Animalia;;;;;
147;Accipitriformes;Accipitridae;2866;0;2864;Espèce;"Vultur tracheliotus";"Forster, 1791";"Vultur tracheliotus Forster, 1791";"Torgos tracheliotus (J. R. Forster, 1791)";"Vautour oricou";;Chordata;Aves;Animalia;;;;;
148;Accipitriformes;Cathartidae;441730;440311;441730;Espèce;"Cathartes aura";"(Linnaeus, 1758)";"Cathartes aura (Linnaeus, 1758)";"Cathartes aura (Linnaeus, 1758)";"Urubu à tête rouge, Vautour aura, Vautour à tête rouge";"Turkey Vulture";Chordata;Aves;Animalia;;;;;
149;Accipitriformes;Cathartidae;828901;0;441730;Espèce;"Vultur aura";"Linnaeus, 1758";"Vultur aura Linnaeus, 1758";"Cathartes aura (Linnaeus, 1758)";"Urubu à tête rouge, Vautour aura, Vautour à tête rouge";"Turkey Vulture";Chordata;Aves;Animalia;;;;;
150;Accipitriformes;Cathartidae;828902;441730;828902;Sous-espèce;"Cathartes aura ruficollis";"Spix, 1824";"Cathartes aura ruficollis Spix, 1824";"Cathartes aura ruficollis Spix, 1824";;;Chordata;Aves;Animalia;;;;;
151;Accipitriformes;Cathartidae;441731;440311;441731;Espèce;"Cathartes burrovianus";"Cassin, 1845";"Cathartes burrovianus Cassin, 1845";"Cathartes burrovianus Cassin, 1845";"""Urubu à tête jaune """;;Chordata;Aves;Animalia;;;;;
152;Accipitriformes;Cathartidae;829135;441731;829135;Sous-espèce;"Cathartes burrovianus urubutinga";"Pelzeln, 1861";"Cathartes burrovianus urubutinga Pelzeln, 1861";"Cathartes burrovianus urubutinga Pelzeln, 1861";;;Chordata;Aves;Animalia;;;;;
153;Accipitriformes;Cathartidae;441732;440311;441732;Espèce;"Cathartes melambrotus";"Wetmore, 1964";"Cathartes melambrotus Wetmore, 1964";"Cathartes melambrotus Wetmore, 1964";"""Grand Urubu """;;Chordata;Aves;Animalia;;;;;
154;Accipitriformes;Cathartidae;441816;440342;441816;Espèce;"Coragyps atratus";"(Bechstein, 1793)";"Coragyps atratus (Bechstein, 1793)";"Coragyps atratus (Bechstein, 1793)";"""Urubu noir """;;Chordata;Aves;Animalia;;;;;
155;Accipitriformes;Cathartidae;828903;0;441816;Espèce;"Vultur atratus";"Bechstein, 1793";"Vultur atratus Bechstein, 1793";"Coragyps atratus (Bechstein, 1793)";"""Urubu noir """;;Chordata;Aves;Animalia;;;;;
156;Accipitriformes;Cathartidae;828905;0;828904;Espèce;"Cathartes brasiliensis";"Bonaparte, 1850";"Cathartes brasiliensis Bonaparte, 1850";"Coragyps atratus brasiliensis (Bonaparte, 1850)";;;Chordata;Aves;Animalia;;;;;
157;Accipitriformes;Cathartidae;828904;441816;828904;Sous-espèce;"Coragyps atratus brasiliensis";"(Bonaparte, 1850)";"Coragyps atratus brasiliensis (Bonaparte, 1850)";"Coragyps atratus brasiliensis (Bonaparte, 1850)";;;Chordata;Aves;Animalia;;;;;
158;Accipitriformes;Cathartidae;442337;440604;442337;Espèce;"Sarcoramphus papa";"Linnaeus, 1758";"Sarcoramphus papa Linnaeus, 1758";"Sarcoramphus papa Linnaeus, 1758";"""Sarcoramphe roi """;;Chordata;Aves;Animalia;;;;;
159;Accipitriformes;Pandionidae;2662;0;2660;Espèce;"Falco haliaetus";"Linnaeus, 1758";"Falco haliaetus Linnaeus, 1758";"Pandion haliaetus (Linnaeus, 1758)";"Balbuzard pêcheur";Osprey;Chordata;Aves;Animalia;;;;;
160;Accipitriformes;Pandionidae;2660;195717;2660;Espèce;"Pandion haliaetus";"(Linnaeus, 1758)";"Pandion haliaetus (Linnaeus, 1758)";"Pandion haliaetus (Linnaeus, 1758)";"Balbuzard pêcheur";Osprey;Chordata;Aves;Animalia;;;;;
161;Accipitriformes;Pandionidae;625971;2660;625971;Sous-espèce;"Pandion haliaetus carolinensis";"(Gmelin, 1788)";"Pandion haliaetus carolinensis (Gmelin, 1788)";"Pandion haliaetus carolinensis (Gmelin, 1788)";;;Chordata;Aves;Animalia;;;;;
162;Accipitriformes;Pandionidae;432705;2660;432705;Sous-espèce;"Pandion haliaetus cristatus";"(Vieillot, 1816)";"Pandion haliaetus cristatus (Vieillot, 1816)";"Pandion haliaetus cristatus (Vieillot, 1816)";"Balbuzard d'Australie, Buse de mer, Aigle pêcheur";"Osprey, Fish Hawk";Chordata;Aves;Animalia;;;;;
163;Accipitriformes;Pandionidae;625972;2660;625972;Sous-espèce;"Pandion haliaetus ridgwayi";"Maynard, 1887";"Pandion haliaetus ridgwayi Maynard, 1887";"Pandion haliaetus ridgwayi Maynard, 1887";;;Chordata;Aves;Animalia;;;;;
164;Anseriformes;Anatidae;2776;188918;2776;Espèce;"Aix galericulata";"(Linnaeus, 1758)";"Aix galericulata (Linnaeus, 1758)";"Aix galericulata (Linnaeus, 1758)";"Canard mandarin";"Mandarin Duck";Chordata;Aves;Animalia;;;;;
165;Anseriformes;Anatidae;2775;188918;2775;Espèce;"Aix sponsa";"(Linnaeus, 1758)";"Aix sponsa (Linnaeus, 1758)";"Aix sponsa (Linnaeus, 1758)";"Canard carolin, Canard branchu";"Wood Duck";Chordata;Aves;Animalia;;;;;
166;Anseriformes;Anatidae;459626;0;2763;Espèce;"Alopochen aegyptiaca";"(Linnaeus, 1766)";"Alopochen aegyptiaca (Linnaeus, 1766)";"Alopochen aegyptiacus (Linnaeus, 1766)";"Ouette d'Égypte, Oie d'Égypte";;Chordata;Aves;Animalia;;;;;
167;Anseriformes;Anatidae;2763;188997;2763;Espèce;"Alopochen aegyptiacus";"(Linnaeus, 1766)";"Alopochen aegyptiacus (Linnaeus, 1766)";"Alopochen aegyptiacus (Linnaeus, 1766)";"Ouette d'Égypte, Oie d'Égypte";;Chordata;Aves;Animalia;;;;;
168;Anseriformes;Anatidae;2765;0;2763;Espèce;"Anas aegyptiaca";"Linnaeus, 1766";"Anas aegyptiaca Linnaeus, 1766";"Alopochen aegyptiacus (Linnaeus, 1766)";"Ouette d'Égypte, Oie d'Égypte";;Chordata;Aves;Animalia;;;;;
169;Anseriformes;Anatidae;459616;188997;459616;Espèce;"Alopochen kervazoi";"(G.S. Cowles, 1994)";"Alopochen kervazoi (G.S. Cowles, 1994)";"Alopochen kervazoi (G.S. Cowles, 1994)";;;Chordata;Aves;Animalia;;;;;
170;Anseriformes;Anatidae;645631;0;459616;Espèce;"Mascarenachen kervazoi";"G.S. Cowles, 1994";"Mascarenachen kervazoi G.S. Cowles, 1994";"Alopochen kervazoi (G.S. Cowles, 1994)";;;Chordata;Aves;Animalia;;;;;
171;Anseriformes;Anatidae;1973;189130;1973;Espèce;"Anas acuta";"Linnaeus, 1758";"Anas acuta Linnaeus, 1758";"Anas acuta Linnaeus, 1758";"Canard pilet";"Northern pintail";Chordata;Aves;Animalia;;;;;
172;Anseriformes;Anatidae;550537;0;456607;Sous-espèce;"Anas aucklandica aucklandica";"(Gray, 1844)";"Anas aucklandica aucklandica (Gray, 1844)";"Anas aucklandica (G.R. Gray, 1844)";"Sarcelle de Nouvelle-Zélande";;Chordata;Aves;Animalia;;;;;
173;Anseriformes;Anatidae;456607;189130;456607;Espèce;"Anas aucklandica";"(G.R. Gray, 1844)";"Anas aucklandica (G.R. Gray, 1844)";"Anas aucklandica (G.R. Gray, 1844)";"Sarcelle de Nouvelle-Zélande";;Chordata;Aves;Animalia;;;;;
174;Anseriformes;Anatidae;550538;0;456607;Sous-espèce;"Anas aucklandica nesiotis";"(J. H. Fleming, 1935)";"Anas aucklandica nesiotis (J. H. Fleming, 1935)";"Anas aucklandica (G.R. Gray, 1844)";"Sarcelle de Nouvelle-Zélande";;Chordata;Aves;Animalia;;;;;
175;Anseriformes;Anatidae;1948;189130;1948;Espèce;"Anas bahamensis";"Linnaeus, 1758";"Anas bahamensis Linnaeus, 1758";"Anas bahamensis Linnaeus, 1758";"Canard des Bahamas, Pilet des Bahamas";"White-cheeked Pintail";Chordata;Aves;Animalia;;;;;
176;Anseriformes;Anatidae;1958;189130;1958;Espèce;"Anas crecca";"Linnaeus, 1758";"Anas crecca Linnaeus, 1758";"Anas crecca Linnaeus, 1758";"Sarcelle d'hiver";"Common Teal";Chordata;Aves;Animalia;;;;;
177;Anseriformes;Anatidae;199302;0;1961;Espèce;"Anas carolinensis";"Gmelin, 1789";"Anas carolinensis Gmelin, 1789";"Anas crecca carolinensis Gmelin, 1789";"Sarcelle à ailes vertes, Sarcelle de la Caroline";"Green-winged Teal";Chordata;Aves;Animalia;;;;;
178;Anseriformes;Anatidae;1961;1958;1961;Sous-espèce;"Anas crecca carolinensis";"Gmelin, 1789";"Anas crecca carolinensis Gmelin, 1789";"Anas crecca carolinensis Gmelin, 1789";"Sarcelle à ailes vertes, Sarcelle de la Caroline";"Green-winged Teal";Chordata;Aves;Animalia;;;;;
179;Anseriformes;Anatidae;1960;1958;1960;Sous-espèce;"Anas crecca crecca";"Linnaeus, 1758";"Anas crecca crecca Linnaeus, 1758";"Anas crecca crecca Linnaeus, 1758";"Sarcelle d'hiver";"Common Teal, Green-winged Teal";Chordata;Aves;Animalia;;;;;
180;Anseriformes;Anatidae;813479;189130;813479;Espèce;"Anas cyanoptera";"Vieillot, 1816";"Anas cyanoptera Vieillot, 1816";"Anas cyanoptera Vieillot, 1816";"Sarcelle cannelle";"Cinnamon Teal";Chordata;Aves;Animalia;;;;;
181;Anseriformes;Anatidae;813480;0;813479;Espèce;"Spatula cyanoptera";"(Vieillot, 1816)";"Spatula cyanoptera (Vieillot, 1816)";"Anas cyanoptera Vieillot, 1816";"Sarcelle cannelle";"Cinnamon Teal";Chordata;Aves;Animalia;;;;;
182;Anseriformes;Anatidae;432601;189130;432601;Espèce;"Anas eatoni";"(Sharpe, 1875)";"Anas eatoni (Sharpe, 1875)";"Anas eatoni (Sharpe, 1875)";"Canard d'Eaton";;Chordata;Aves;Animalia;;;;;
183;Anseriformes;Anatidae;785484;432601;785484;Sous-espèce;"Anas eatoni drygalskii";"Reichenow, 1904";"Anas eatoni drygalskii Reichenow, 1904";"Anas eatoni drygalskii Reichenow, 1904";"Canard de Crozet, Canard d'Eaton (Crozet)";"Crozet Island Pintail, Eaton's Pintail (Crozet)";Chordata;Aves;Animalia;;;;;
184;Anseriformes;Anatidae;785483;432601;785483;Sous-espèce;"Anas eatoni eatoni";"(Sharpe, 1875)";"Anas eatoni eatoni (Sharpe, 1875)";"Anas eatoni eatoni (Sharpe, 1875)";"Canard des Kerguélen, Canard d'Eaton (Kerguélen)";"Kerguelen Island Pintail, Eaton's Pintail (Kerguelen)";Chordata;Aves;Animalia;;;;;
185;Anseriformes;Anatidae;432700;189130;432700;Espèce;"Anas gracilis";"Buller, 1869";"Anas gracilis Buller, 1869";"Anas gracilis Buller, 1869";"Sarcelle australasienne, Sarcelle grise";"Grey Teal";Chordata;Aves;Animalia;;;;;
186;Anseriformes;Anatidae;418812;189130;418812;Espèce;"Anas marecula";"Olson & Jouventin, 1996";"Anas marecula Olson & Jouventin, 1996";"Anas marecula Olson & Jouventin, 1996";;;Chordata;Aves;Animalia;;;;;
187;Anseriformes;Anatidae;441638;189130;441638;Espèce;"Anas melleri";"P. L. Sclater, 1865";"Anas melleri P. L. Sclater, 1865";"Anas melleri P. L. Sclater, 1865";"Canard de Meller";;Chordata;Aves;Animalia;;;;;
188;Anseriformes;Anatidae;416680;0;1966;Espèce;"Anas boschas";"Linnaeus, 1758";"Anas boschas Linnaeus, 1758";"Anas platyrhynchos Linnaeus, 1758";"Canard colvert";Mallard;Chordata;Aves;Animalia;;;;;
189;Anseriformes;Anatidae;1966;189130;1966;Espèce;"Anas platyrhynchos";"Linnaeus, 1758";"Anas platyrhynchos Linnaeus, 1758";"Anas platyrhynchos Linnaeus, 1758";"Canard colvert";Mallard;Chordata;Aves;Animalia;;;;;
190;Anseriformes;Anatidae;441639;189130;441639;Espèce;"Anas rhynchotis";"Latham, 1801";"Anas rhynchotis Latham, 1801";"Anas rhynchotis Latham, 1801";"Canard bridé, Souchet australien";;Chordata;Aves;Animalia;;;;;
191;Anseriformes;Anatidae;432703;441639;432703;Sous-espèce;"Anas rhynchotis rhynchotis";"Latham, 1801";"Anas rhynchotis rhynchotis Latham, 1801";"Anas rhynchotis rhynchotis Latham, 1801";;;Chordata;Aves;Animalia;;;;;
192;Anseriformes;Anatidae;1968;189130;1968;Espèce;"Anas rubripes";"Brewster, 1902";"Anas rubripes Brewster, 1902";"Anas rubripes Brewster, 1902";"Canard noir";"American Black Duck";Chordata;Aves;Animalia;;;;;
193;Anseriformes;Anatidae;441640;189130;441640;Espèce;"Anas superciliosa";"Gmelin, 1789";"Anas superciliosa Gmelin, 1789";"Anas superciliosa Gmelin, 1789";;"Pacific Black Duck";Chordata;Aves;Animalia;;;;;
194;Anseriformes;Anatidae;432702;441640;432702;Sous-espèce;"Anas superciliosa pelewensis";"Hartlaub & Finsch, 1872";"Anas superciliosa pelewensis Hartlaub & Finsch, 1872";"Anas superciliosa pelewensis Hartlaub & Finsch, 1872";"Canard à sourcils, Canard sauvage";"Grey Duck, Pacific black Duck";Chordata;Aves;Animalia;;;;;
195;Anseriformes;Anatidae;432589;189130;432589;Espèce;"Anas theodori";"Newton & Gadow, 1893";"Anas theodori Newton & Gadow, 1893";"Anas theodori Newton & Gadow, 1893";;;Chordata;Aves;Animalia;;;;;
196;Anseriformes;Anatidae;2734;189224;2734;Espèce;"Anser albifrons";"(Scopoli, 1769)";"Anser albifrons (Scopoli, 1769)";"Anser albifrons (Scopoli, 1769)";"Oie rieuse";"Greater White-fronted Goose";Chordata;Aves;Animalia;;;;;
197;Anseriformes;Anatidae;2736;0;2734;Espèce;"Branta albifrons";"Scopoli, 1769";"Branta albifrons Scopoli, 1769";"Anser albifrons (Scopoli, 1769)";"Oie rieuse";"Greater White-fronted Goose";Chordata;Aves;Animalia;;;;;
198;Anseriformes;Anatidae;2737;2734;2737;Sous-espèce;"Anser albifrons albifrons";"(Scopoli, 1769)";"Anser albifrons albifrons (Scopoli, 1769)";"Anser albifrons albifrons (Scopoli, 1769)";;;Chordata;Aves;Animalia;;;;;
199;Anseriformes;Anatidae;2738;2734;2738;Sous-espèce;"Anser albifrons flavirostris";"Dalgety & Scott, 1948";"Anser albifrons flavirostris Dalgety & Scott, 1948";"Anser albifrons flavirostris Dalgety & Scott, 1948";;;Chordata;Aves;Animalia;;;;;
200;Anseriformes;Anatidae;2743;0;2741;Espèce;"Anas anser";"Linnaeus, 1758";"Anas anser Linnaeus, 1758";"Anser anser (Linnaeus, 1758)";"Oie cendrée";"Greylag Goose";Chordata;Aves;Animalia;;;;;
201;Anseriformes;Anatidae;2741;189224;2741;Espèce;"Anser anser";"(Linnaeus, 1758)";"Anser anser (Linnaeus, 1758)";"Anser anser (Linnaeus, 1758)";"Oie cendrée";"Greylag Goose";Chordata;Aves;Animalia;;;;;
202;Anseriformes;Anatidae;433478;0;2741;Espèce;"Anser domesticus";"(Linnaeus, 1758)";"Anser domesticus (Linnaeus, 1758)";"Anser anser (Linnaeus, 1758)";"Oie cendrée";"Greylag Goose";Chordata;Aves;Animalia;;;;;
203;Anseriformes;Anatidae;2744;2741;2744;Sous-espèce;"Anser anser anser";"(Linnaeus, 1758)";"Anser anser anser (Linnaeus, 1758)";"Anser anser anser (Linnaeus, 1758)";;;Chordata;Aves;Animalia;;;;;
204;Anseriformes;Anatidae;2745;2741;2745;Sous-espèce;"Anser anser rubrirostris";"Swinhoe, 1871";"Anser anser rubrirostris Swinhoe, 1871";"Anser anser rubrirostris Swinhoe, 1871";;;Chordata;Aves;Animalia;;;;;
205;Anseriformes;Anatidae;2725;189224;2725;Espèce;"Anser brachyrhynchus";"(Baillon, 1833)";"Anser brachyrhynchus (Baillon, 1833)";"Anser brachyrhynchus (Baillon, 1833)";"Oie à bec court";"Pink-footed Goose";Chordata;Aves;Animalia;;Canard;marron;jaune;
206;Anseriformes;Anatidae;2729;0;2727;Espèce;"Anas caerulescens";"Linnaeus, 1758";"Anas caerulescens Linnaeus, 1758";"Anser caerulescens (Linnaeus, 1758)";"Oie des neiges";"Snow Goose";Chordata;Aves;Animalia;;;;;
207;Anseriformes;Anatidae;2727;189224;2727;Espèce;"Anser caerulescens";"(Linnaeus, 1758)";"Anser caerulescens (Linnaeus, 1758)";"Anser caerulescens (Linnaeus, 1758)";"Oie des neiges";"Snow Goose";Chordata;Aves;Animalia;;;;;
208;Anseriformes;Anatidae;2730;0;2727;Espèce;"Chen caerulescens";"(Linnaeus, 1758)";"Chen caerulescens (Linnaeus, 1758)";"Anser caerulescens (Linnaeus, 1758)";"Oie des neiges";"Snow Goose";Chordata;Aves;Animalia;;;;;
209;Anseriformes;Anatidae;2739;189224;2739;Espèce;"Anser erythropus";"(Linnaeus, 1758)";"Anser erythropus (Linnaeus, 1758)";"Anser erythropus (Linnaeus, 1758)";"Oie naine";"Lesser White-fronted Goose";Chordata;Aves;Animalia;;;;;
210;Anseriformes;Anatidae;2720;189224;2720;Espèce;"Anser fabalis";"(Latham, 1787)";"Anser fabalis (Latham, 1787)";"Anser fabalis (Latham, 1787)";"Oie des moissons";"Bean Goose";Chordata;Aves;Animalia;;;;;
211;Anseriformes;Anatidae;2722;0;2720;Espèce;"Anser fabilis";"Latham, 1787";"Anser fabilis Latham, 1787";"Anser fabalis (Latham, 1787)";"Oie des moissons";"Bean Goose";Chordata;Aves;Animalia;;;;;
212;Anseriformes;Anatidae;2723;2720;2723;Sous-espèce;"Anser fabalis fabalis";"(Latham, 1787)";"Anser fabalis fabalis (Latham, 1787)";"Anser fabalis fabalis (Latham, 1787)";;;Chordata;Aves;Animalia;;;;;
213;Anseriformes;Anatidae;2724;2720;2724;Sous-espèce;"Anser fabalis rossicus";"Buturlin, 1933";"Anser fabalis rossicus Buturlin, 1933";"Anser fabalis rossicus Buturlin, 1933";;;Chordata;Aves;Animalia;;;;;
214;Anseriformes;Anatidae;2731;189224;2731;Espèce;"Anser indicus";"(Latham, 1790)";"Anser indicus (Latham, 1790)";"Anser indicus (Latham, 1790)";"Oie à tête barrée";;Chordata;Aves;Animalia;;;;;
215;Anseriformes;Anatidae;2733;0;2731;Espèce;"Eulabeia indica";Latham;"Eulabeia indica Latham";"Anser indicus (Latham, 1790)";"Oie à tête barrée";;Chordata;Aves;Animalia;;;;;
216;Anseriformes;Anatidae;199305;189690;199305;Espèce;"Aythya affinis";"(Eyton, 1838)";"Aythya affinis (Eyton, 1838)";"Aythya affinis (Eyton, 1838)";"Fuligule à tête noire, Petit Fuligule";"Lesser Scaup";Chordata;Aves;Animalia;;;;;
217;Anseriformes;Anatidae;814136;0;199305;Espèce;"Fuligula affinis";"Eyton, 1838";"Fuligula affinis Eyton, 1838";"Aythya affinis (Eyton, 1838)";"Fuligule à tête noire, Petit Fuligule";"Lesser Scaup";Chordata;Aves;Animalia;;;;;
218;Anseriformes;Anatidae;199304;189690;199304;Espèce;"Aythya americana";"(Eyton, 1838)";"Aythya americana (Eyton, 1838)";"Aythya americana (Eyton, 1838)";"Fuligule à tête rouge";"Redhead [duck]";Chordata;Aves;Animalia;;;;;
219;Anseriformes;Anatidae;441683;189690;441683;Espèce;"Aythya australis";"(Eyton, 1838)";"Aythya australis (Eyton, 1838)";"Aythya australis (Eyton, 1838)";;;Chordata;Aves;Animalia;;;;;
220;Anseriformes;Anatidae;432704;441683;432704;Sous-espèce;"Aythya australis australis";"(Eyton, 1838)";"Aythya australis australis (Eyton, 1838)";"Aythya australis australis (Eyton, 1838)";"Fuligule austral";"Hardhead, Australasian white-eye, White-eyed Duck";Chordata;Aves;Animalia;;;;;
221;Anseriformes;Anatidae;1990;0;1988;Espèce;"Anas collaris";"Donovan, 1809";"Anas collaris Donovan, 1809";"Aythya collaris (Donovan, 1809)";"Fuligule à bec cerclé, Fuligule à collier";"Ring-necked Duck";Chordata;Aves;Animalia;;;;;
222;Anseriformes;Anatidae;1988;189690;1988;Espèce;"Aythya collaris";"(Donovan, 1809)";"Aythya collaris (Donovan, 1809)";"Aythya collaris (Donovan, 1809)";"Fuligule à bec cerclé, Fuligule à collier";"Ring-necked Duck";Chordata;Aves;Animalia;;;;;
223;Anseriformes;Anatidae;1994;0;1991;Espèce;"Anas ferina";"Linnaeus, 1758";"Anas ferina Linnaeus, 1758";"Aythya ferina (Linnaeus, 1758)";"Fuligule milouin";"Common Pochard";Chordata;Aves;Animalia;;;;;
224;Anseriformes;Anatidae;1991;189690;1991;Espèce;"Aythya ferina";"(Linnaeus, 1758)";"Aythya ferina (Linnaeus, 1758)";"Aythya ferina (Linnaeus, 1758)";"Fuligule milouin";"Common Pochard";Chordata;Aves;Animalia;;;;;
225;Anseriformes;Anatidae;1993;0;1991;Espèce;"Nyroca ferina";;"""Nyroca ferina """;"Aythya ferina (Linnaeus, 1758)";"Fuligule milouin";"Common Pochard";Chordata;Aves;Animalia;;;;;
226;Anseriformes;Anatidae;2000;0;1998;Espèce;"Anas fuligula";"Linnaeus, 1758";"Anas fuligula Linnaeus, 1758";"Aythya fuligula (Linnaeus, 1758)";"Fuligule morillon";"Tufted Duck";Chordata;Aves;Animalia;;;;;
227;Anseriformes;Anatidae;1998;189690;1998;Espèce;"Aythya fuligula";"(Linnaeus, 1758)";"Aythya fuligula (Linnaeus, 1758)";"Aythya fuligula (Linnaeus, 1758)";"Fuligule morillon";"Tufted Duck";Chordata;Aves;Animalia;;;;;
228;Anseriformes;Anatidae;2003;0;2001;Espèce;"Anas marila";"Linnaeus, 1761";"Anas marila Linnaeus, 1761";"Aythya marila (Linnaeus, 1761)";"Fuligule milouinan";"Greater Scaup";Chordata;Aves;Animalia;;;;;
229;Anseriformes;Anatidae;2001;189690;2001;Espèce;"Aythya marila";"(Linnaeus, 1761)";"Aythya marila (Linnaeus, 1761)";"Aythya marila (Linnaeus, 1761)";"Fuligule milouinan";"Greater Scaup";Chordata;Aves;Animalia;;;;;
230;Anseriformes;Anatidae;1997;0;1995;Espèce;"Anas nyroca";"Guldenstad, 1770";"Anas nyroca Guldenstad, 1770";"Aythya nyroca (Güldenstädt, 1770)";"Fuligule nyroca";"Ferruginous Duck";Chordata;Aves;Animalia;;;;;
231;Anseriformes;Anatidae;1995;189690;1995;Espèce;"Aythya nyroca";"(Güldenstädt, 1770)";"Aythya nyroca (Güldenstädt, 1770)";"Aythya nyroca (Güldenstädt, 1770)";"Fuligule nyroca";"Ferruginous Duck";Chordata;Aves;Animalia;;;;;
232;Anseriformes;Anatidae;416717;0;1995;Espèce;"Nyroca fuligula";;"""Nyroca fuligula """;"Aythya nyroca (Güldenstädt, 1770)";"Fuligule nyroca";"Ferruginous Duck";Chordata;Aves;Animalia;;;;;
233;Anseriformes;Anatidae;199303;189690;199303;Espèce;"Aythya valisineria";"(Wilson, 1814)";"Aythya valisineria (Wilson, 1814)";"Aythya valisineria (Wilson, 1814)";"Fuligule à dos blanc";Canvasback;Chordata;Aves;Animalia;;;;;
234;Anseriformes;Anatidae;2759;0;2757;Espèce;"Anas bernicla";"Linnaeus, 1758";"Anas bernicla Linnaeus, 1758";"Branta bernicla (Linnaeus, 1758)";"Bernache cravant";"Brent Goose";Chordata;Aves;Animalia;;;;;
235;Anseriformes;Anatidae;2757;190037;2757;Espèce;"Branta bernicla";"(Linnaeus, 1758)";"Branta bernicla (Linnaeus, 1758)";"Branta bernicla (Linnaeus, 1758)";"Bernache cravant";"Brent Goose";Chordata;Aves;Animalia;;;;;
236;Anseriformes;Anatidae;2760;2757;2760;Sous-espèce;"Branta bernicla bernicla";"(Linnaeus, 1758)";"Branta bernicla bernicla (Linnaeus, 1758)";"Branta bernicla bernicla (Linnaeus, 1758)";;;Chordata;Aves;Animalia;;;;;
237;Anseriformes;Anatidae;2762;2757;2762;Sous-espèce;"Branta bernicla hrota";"(O.F. Müller, 1776)";"Branta bernicla hrota (O.F. Müller, 1776)";"Branta bernicla hrota (O.F. Müller, 1776)";"Bernache à ventre pâle";;Chordata;Aves;Animalia;;;;;
238;Anseriformes;Anatidae;199299;0;2762;Espèce;"Branta hrota";"(O.F. Müller, 1776)";"Branta hrota (O.F. Müller, 1776)";"Branta bernicla hrota (O.F. Müller, 1776)";"Bernache à ventre pâle";;Chordata;Aves;Animalia;;;;;
239;Anseriformes;Anatidae;2749;0;2747;Espèce;"Anas canadensis";"Linnaeus, 1758";"Anas canadensis Linnaeus, 1758";"Branta canadensis (Linnaeus, 1758)";"Bernache du Canada";"Canada Goose";Chordata;Aves;Animalia;;;;;
240;Anseriformes;Anatidae;2747;190037;2747;Espèce;"Branta canadensis";"(Linnaeus, 1758)";"Branta canadensis (Linnaeus, 1758)";"Branta canadensis (Linnaeus, 1758)";"Bernache du Canada";"Canada Goose";Chordata;Aves;Animalia;;;;;
241;Anseriformes;Anatidae;2752;0;2750;Espèce;"Anas leucopsis";"Bechstein, 1803";"Anas leucopsis Bechstein, 1803";"Branta leucopsis (Bechstein, 1803)";"Bernache nonnette";"Barnacle Goose";Chordata;Aves;Animalia;;;;;
242;Anseriformes;Anatidae;2750;190037;2750;Espèce;"Branta leucopsis";"(Bechstein, 1803)";"Branta leucopsis (Bechstein, 1803)";"Branta leucopsis (Bechstein, 1803)";"Bernache nonnette";"Barnacle Goose";Chordata;Aves;Animalia;;;;;
243;Anseriformes;Anatidae;534762;0;199300;Sous-espèce;"Branta bernicla nigricans";"(Lawrence, 1846)";"Branta bernicla nigricans (Lawrence, 1846)";"Branta nigricans (Lawrence, 1846)";"Bernache du Pacifique";;Chordata;Aves;Animalia;;;;;
244;Anseriformes;Anatidae;199300;190037;199300;Espèce;"Branta nigricans";"(Lawrence, 1846)";"Branta nigricans (Lawrence, 1846)";"Branta nigricans (Lawrence, 1846)";"Bernache du Pacifique";;Chordata;Aves;Animalia;;;;;
245;Anseriformes;Anatidae;2755;0;2753;Espèce;"Anser ruficollis";"Pallas, 1769";"Anser ruficollis Pallas, 1769";"Branta ruficollis (Pallas, 1769)";"Bernache à cou roux";"Red-breasted Goose";Chordata;Aves;Animalia;;;;;
246;Anseriformes;Anatidae;2753;190037;2753;Espèce;"Branta ruficollis";"(Pallas, 1769)";"Branta ruficollis (Pallas, 1769)";"Branta ruficollis (Pallas, 1769)";"Bernache à cou roux";"Red-breasted Goose";Chordata;Aves;Animalia;;"Fin et court";noir;noir;
247;Anseriformes;Anatidae;2756;0;2753;Espèce;"Rufibrenta ruficollis";;"""Rufibrenta ruficollis """;"Branta ruficollis (Pallas, 1769)";"Bernache à cou roux";"Red-breasted Goose";Chordata;Aves;Animalia;;;;;
248;Anseriformes;Anatidae;814137;0;199310;Espèce;"Anas albeola";"Linnaeus, 1758";"Anas albeola Linnaeus, 1758";"Bucephala albeola (Linnaeus, 1758)";"Garrot albéole";Bufflehead;Chordata;Aves;Animalia;;;;;
249;Anseriformes;Anatidae;199310;190092;199310;Espèce;"Bucephala albeola";"(Linnaeus, 1758)";"Bucephala albeola (Linnaeus, 1758)";"Bucephala albeola (Linnaeus, 1758)";"Garrot albéole";Bufflehead;Chordata;Aves;Animalia;;;;;
250;Anseriformes;Anatidae;2811;0;2808;Espèce;"Anas clangula";"Linnaeus, 1758";"Anas clangula Linnaeus, 1758";"Bucephala clangula (Linnaeus, 1758)";"Garrot à oeil d'or";"Common Goldeneye";Chordata;Aves;Animalia;;;;;
251;Anseriformes;Anatidae;2808;190092;2808;Espèce;"Bucephala clangula";"(Linnaeus, 1758)";"Bucephala clangula (Linnaeus, 1758)";"Bucephala clangula (Linnaeus, 1758)";"Garrot à oeil d'or";"Common Goldeneye";Chordata;Aves;Animalia;;Canard;noir;rouge/orange;
252;Anseriformes;Anatidae;2810;0;2808;Espèce;"Glaucionetta clangula";;"""Glaucionetta clangula """;"Bucephala clangula (Linnaeus, 1758)";"Garrot à oeil d'or";"Common Goldeneye";Chordata;Aves;Animalia;;;;;
253;Anseriformes;Anatidae;2807;0;2805;Espèce;"Anas islandica";"Gmelin, 1789";"Anas islandica Gmelin, 1789";"Bucephala islandica (Gmelin, 1789)";"Garrot d'Islande";"Barrow's Goldeneye";Chordata;Aves;Animalia;;;;;
254;Anseriformes;Anatidae;2805;190092;2805;Espèce;"Bucephala islandica";"(Gmelin, 1789)";"Bucephala islandica (Gmelin, 1789)";"Bucephala islandica (Gmelin, 1789)";"Garrot d'Islande";"Barrow's Goldeneye";Chordata;Aves;Animalia;;;;;
255;Anseriformes;Anatidae;780301;0;441709;Espèce;"Anas moschata";"Linnaeus, 1758";"Anas moschata Linnaeus, 1758";"Cairina moschata (Linnaeus, 1758)";"Canard musqué";"Muscovy Duck";Chordata;Aves;Animalia;;;;;
256;Anseriformes;Anatidae;441709;440300;441709;Espèce;"Cairina moschata";"(Linnaeus, 1758)";"Cairina moschata (Linnaeus, 1758)";"Cairina moschata (Linnaeus, 1758)";"Canard musqué";"Muscovy Duck";Chordata;Aves;Animalia;;;;;
257;Anseriformes;Anatidae;813758;0;813757;Espèce;"Anas leucophrys";"Vieillot, 1816";"Anas leucophrys Vieillot, 1816";"Callonetta leucophrys (Vieillot, 1816)";"Canard à collier noir";"Ringed Teal";Chordata;Aves;Animalia;;;;;
258;Anseriformes;Anatidae;813757;813756;813757;Espèce;"Callonetta leucophrys";"(Vieillot, 1816)";"Callonetta leucophrys (Vieillot, 1816)";"Callonetta leucophrys (Vieillot, 1816)";"Canard à collier noir";"Ringed Teal";Chordata;Aves;Animalia;;;;;
259;Anseriformes;Anatidae;2792;0;2790;Espèce;"Anas hyemalis";"Linnaeus, 1758";"Anas hyemalis Linnaeus, 1758";"Clangula hyemalis (Linnaeus, 1758)";"Harelde de Miquelon, Harelde boréale";;Chordata;Aves;Animalia;;;;;
260;Anseriformes;Anatidae;2790;190884;2790;Espèce;"Clangula hyemalis";"(Linnaeus, 1758)";"Clangula hyemalis (Linnaeus, 1758)";"Clangula hyemalis (Linnaeus, 1758)";"Harelde de Miquelon, Harelde boréale";;Chordata;Aves;Animalia;;;;;
261;Anseriformes;Anatidae;2702;191416;2702;Espèce;"Cygnus atratus";"(Latham, 1790)";"Cygnus atratus (Latham, 1790)";"Cygnus atratus (Latham, 1790)";"Cygne noir";;Chordata;Aves;Animalia;;;;;
262;Anseriformes;Anatidae;2711;0;2709;Espèce;"Anas columbianus";"Ord, 1815";"Anas columbianus Ord, 1815";"Cygnus columbianus (Ord, 1815)";"Cygne de Bewick";"Tundra Swan";Chordata;Aves;Animalia;;;;;
263;Anseriformes;Anatidae;2703;0;2709;Espèce;"Cygnus colombianus";;"""Cygnus colombianus """;"Cygnus columbianus (Ord, 1815)";"Cygne de Bewick";"Tundra Swan";Chordata;Aves;Animalia;;;;;
264;Anseriformes;Anatidae;2713;0;2709;Sous-espèce;"Cygnus columbianus columbianus";"(Ord, 1815)";"Cygnus columbianus columbianus (Ord, 1815)";"Cygnus columbianus (Ord, 1815)";"Cygne de Bewick";"Tundra Swan";Chordata;Aves;Animalia;;;;;
265;Anseriformes;Anatidae;2709;191416;2709;Espèce;"Cygnus columbianus";"(Ord, 1815)";"Cygnus columbianus (Ord, 1815)";"Cygnus columbianus (Ord, 1815)";"Cygne de Bewick";"Tundra Swan";Chordata;Aves;Animalia;;;;;
266;Anseriformes;Anatidae;2712;0;2709;Espèce;"Olor columbianus";;"""Olor columbianus """;"Cygnus columbianus (Ord, 1815)";"Cygne de Bewick";"Tundra Swan";Chordata;Aves;Animalia;;;;;
267;Anseriformes;Anatidae;2705;0;2714;Espèce;"Cygnus bewickii";"Yarrell, 1830";"Cygnus bewickii Yarrell, 1830";"Cygnus columbianus bewickii (Yarrel, 1830)";"Cygne de Bewick";;Chordata;Aves;Animalia;;;;;
268;Anseriformes;Anatidae;2714;2709;2714;Sous-espèce;"Cygnus columbianus bewickii";"(Yarrel, 1830)";"Cygnus columbianus bewickii (Yarrel, 1830)";"Cygnus columbianus bewickii (Yarrel, 1830)";"Cygne de Bewick";;Chordata;Aves;Animalia;;;;;
269;Anseriformes;Anatidae;2717;0;2715;Espèce;"Anas cygnus";"Linnaeus, 1758";"Anas cygnus Linnaeus, 1758";"Cygnus cygnus (Linnaeus, 1758)";"Cygne chanteur";"Whooper Swan";Chordata;Aves;Animalia;;;;;
270;Anseriformes;Anatidae;2715;191416;2715;Espèce;"Cygnus cygnus";"(Linnaeus, 1758)";"Cygnus cygnus (Linnaeus, 1758)";"Cygnus cygnus (Linnaeus, 1758)";"Cygne chanteur";"Whooper Swan";Chordata;Aves;Animalia;;Canard;blanc;noir;
271;Anseriformes;Anatidae;2718;0;2715;Espèce;"Olor cygnus";;"""Olor cygnus """;"Cygnus cygnus (Linnaeus, 1758)";"Cygne chanteur";"Whooper Swan";Chordata;Aves;Animalia;;;;;
272;Anseriformes;Anatidae;2708;0;2706;Espèce;"Anas olor";"Gmelin, 1789";"Anas olor Gmelin, 1789";"Cygnus olor (Gmelin, 1803)";"Cygne tuberculé";"Mute Swan";Chordata;Aves;Animalia;;;;;
273;Anseriformes;Anatidae;2706;191416;2706;Espèce;"Cygnus olor";"(Gmelin, 1803)";"Cygnus olor (Gmelin, 1803)";"Cygnus olor (Gmelin, 1803)";"Cygne tuberculé";"Mute Swan";Chordata;Aves;Animalia;;;;;
274;Anseriformes;Anatidae;441860;199216;441860;Espèce;"Dendrocygna arborea";"(Linnaeus, 1758)";"Dendrocygna arborea (Linnaeus, 1758)";"Dendrocygna arborea (Linnaeus, 1758)";"Dendrocygne des Antilles";"West-Indian Whistling-duck";Chordata;Aves;Animalia;;;;;
275;Anseriformes;Anatidae;441861;199216;441861;Espèce;"Dendrocygna arcuata";"(Horsfield, 1824)";"Dendrocygna arcuata (Horsfield, 1824)";"Dendrocygna arcuata (Horsfield, 1824)";;;Chordata;Aves;Animalia;;;;;
276;Anseriformes;Anatidae;432699;441861;432699;Sous-espèce;"Dendrocygna arcuata arcuata";"(Horsfield, 1824)";"Dendrocygna arcuata arcuata (Horsfield, 1824)";"Dendrocygna arcuata arcuata (Horsfield, 1824)";;;Chordata;Aves;Animalia;;;;;
277;Anseriformes;Anatidae;829197;0;441862;Espèce;"Anas autumnalis";"Linnaeus, 1758";"Anas autumnalis Linnaeus, 1758";"Dendrocygna autumnalis (Linnaeus, 1758)";"Dendrocygne à ventre noir";"Black-bellied Whistling-duck";Chordata;Aves;Animalia;;;;;
278;Anseriformes;Anatidae;441862;199216;441862;Espèce;"Dendrocygna autumnalis";"(Linnaeus, 1758)";"Dendrocygna autumnalis (Linnaeus, 1758)";"Dendrocygna autumnalis (Linnaeus, 1758)";"Dendrocygne à ventre noir";"Black-bellied Whistling-duck";Chordata;Aves;Animalia;;;;;
279;Anseriformes;Anatidae;2398;199216;2398;Espèce;"Dendrocygna bicolor";"(Vieillot, 1816)";"Dendrocygna bicolor (Vieillot, 1816)";"Dendrocygna bicolor (Vieillot, 1816)";"Dendrocygne fauve";"Fulvous Whistling-duck";Chordata;Aves;Animalia;;;;;
280;Anseriformes;Anatidae;2399;199216;2399;Espèce;"Dendrocygna viduata";"(Linnaeus, 1766)";"Dendrocygna viduata (Linnaeus, 1766)";"Dendrocygna viduata (Linnaeus, 1766)";"Dendrocygne veuf";;Chordata;Aves;Animalia;;;;;
281;Anseriformes;Anatidae;2788;193316;2788;Espèce;"Histrionicus histrionicus";"(Linnaeus, 1758)";"Histrionicus histrionicus (Linnaeus, 1758)";"Histrionicus histrionicus (Linnaeus, 1758)";"Arlequin plongeur, Garrot arlequin";"Harlequin Duck";Chordata;Aves;Animalia;;;;;
282;Anseriformes;Anatidae;199311;199218;199311;Espèce;"Lophodytes cucullatus";"(Linnaeus, 1758)";"Lophodytes cucullatus (Linnaeus, 1758)";"Lophodytes cucullatus (Linnaeus, 1758)";"Harle couronné";"Hooded Merganser";Chordata;Aves;Animalia;;;;;
283;Anseriformes;Anatidae;813532;0;199311;Espèce;"Mergellus cucullatus";"(Linnaeus, 1758)";"Mergellus cucullatus (Linnaeus, 1758)";"Lophodytes cucullatus (Linnaeus, 1758)";"Harle couronné";"Hooded Merganser";Chordata;Aves;Animalia;;;;;
284;Anseriformes;Anatidae;2820;0;199311;Espèce;"Mergus cucullatus";"Linnaeus, 1758";"Mergus cucullatus Linnaeus, 1758";"Lophodytes cucullatus (Linnaeus, 1758)";"Harle couronné";"Hooded Merganser";Chordata;Aves;Animalia;;;;;
285;Anseriformes;Anatidae;1953;0;1955;Espèce;"Anas americana";"Gmelin, 1789";"Anas americana Gmelin, 1789";"Mareca americana (Gmelin, 1789)";"Canard à front blanc, Canard d'Amérique";"American wigeon";Chordata;Aves;Animalia;;;;;
286;Anseriformes;Anatidae;1955;836202;1955;Espèce;"Mareca americana";"(Gmelin, 1789)";"Mareca americana (Gmelin, 1789)";"Mareca americana (Gmelin, 1789)";"Canard à front blanc, Canard d'Amérique";"American wigeon";Chordata;Aves;Animalia;;;;;
287;Anseriformes;Anatidae;1950;0;1952;Espèce;"Anas penelope";"Linnaeus, 1758";"Anas penelope Linnaeus, 1758";"Mareca penelope (Linnaeus, 1758)";"Canard siffleur";"Eurasian Wigeon";Chordata;Aves;Animalia;;;;;
288;Anseriformes;Anatidae;1952;836202;1952;Espèce;"Mareca penelope";"(Linnaeus, 1758)";"Mareca penelope (Linnaeus, 1758)";"Mareca penelope (Linnaeus, 1758)";"Canard siffleur";"Eurasian Wigeon";Chordata;Aves;Animalia;;;;;
289;Anseriformes;Anatidae;1956;0;836203;Espèce;"Anas strepera";"Linnaeus, 1758";"Anas strepera Linnaeus, 1758";"Mareca strepera (Linnaeus, 1758)";"Canard chipeau";Gadwall;Chordata;Aves;Animalia;;Canard;gris;rouge/orange;
290;Anseriformes;Anatidae;836203;836202;836203;Espèce;"Mareca strepera";"(Linnaeus, 1758)";"Mareca strepera (Linnaeus, 1758)";"Mareca strepera (Linnaeus, 1758)";"Canard chipeau";Gadwall;Chordata;Aves;Animalia;;;;;
